id,role_name,rate,created_at,updated_at,role_description,currency_id,project_id
1,BD1,0,2015-09-24,2015-09-24,Gather Requirements Establish Contact and understand the challenges and requirements,1,22
2,BD2,0,2015-09-24,2015-09-24,Meeting clients and demos Solution selling and demos,1,22
3,BD3,0,2015-09-24,2015-09-24,"RFP, Financials and Resourcing Submit proposals and resourcing discussions",1,22
4,R1,743.75,2015-09-24,2015-09-24,External consultant role - Dev 1,1,26
5,R2,875,2015-09-24,2015-09-24,External consultant role - Dev 2,1,26
6,R3,625,2015-09-24,2015-09-24,External consultant role - Dev 3,1,26
7,DS1,1275,2015-09-24,2015-09-24,External consultant role - Design,1,26
8,KT1,0,2015-09-24,2015-09-24,Knowledge Transfer,1,26
9,R2,875,2015-09-24,2015-09-24,Android Development,1,19
10,HO,0,2015-09-24,2015-09-24,NULL,1,16
11,BH,0,2015-09-24,2015-09-24,NULL,1,9
12,SI,0,2015-09-24,2015-09-24,NULL,1,31
13,D1,0,2015-09-24,2015-09-24,Development Role - Kannan,1,32
14,A1,0,2015-09-24,2015-09-24,Admin Tasks,1,5
15,D2,0,2015-09-24,2015-09-24,Development Role - Pramod,1,32
16,TO1,0,2015-09-24,2015-09-24,Theme Owner Role,1,27
17,TR1,0,2015-09-24,2015-09-24,Training,1,27
18,R1,25,2015-09-24,2015-09-24,Consultant Role,2,8
19,MT1,0,2015-09-24,2015-09-24,Meetings/Discussions/Induction,1,21
20,TO1,0,2015-09-24,2015-09-24,Theme Owner Role,1,33
21,TO1,0,2015-09-24,2015-09-24,Theme Owner Role,1,20
22,D3,0,2015-09-24,2015-09-24,Developer Role - Vidya,1,14
23,WD1,875,2015-09-24,2015-09-24,Consultant Role - Web Dev 1,1,23
24,R1,875,2015-09-24,2015-09-24,External Consultant role - Dev 1,1,2
25,TT1,0,2015-09-24,2015-09-24,Training on web technologies,1,33
26,TT1,0,2015-09-24,2015-09-24,Training on mobile technology,1,20
27,R2,875,2015-09-24,2015-09-24,External Consultant role - Dev 2,1,2
28,R1,40,2015-09-24,2015-09-24,Role Consultant 1,3,28
29,RE1,0,2015-09-24,2015-09-24,Research,1,27
30,R1,40,2015-09-24,2015-09-24,Role Consultant 1,3,15
31,RE1,0,2015-09-24,2015-09-24,Research,1,6
32,RE1,0,2015-09-24,2015-09-24,Research,1,25
33,R1,40,2015-09-24,2015-09-24,Role Consultant 1,3,29
34,R1,875,2015-09-24,2015-09-24,Developer Role,1,4
35,PM1,62.5,2015-09-24,2015-09-24,PM role,3,24
36,R1,875,2015-09-24,2015-09-24,Role Consultant 1,1,10
37,R1,62.5,2015-09-24,2015-09-24,Developer Role - Kannan,3,12
38,R1,0,2015-09-24,2015-09-24,Lead Role,1,3
39,R1,0,2015-09-24,2015-09-24,Role Consultant 1,1,6
40,R1,40,2015-09-24,2015-09-24,Role Consultant 1,3,17
41,R1,0,2015-09-24,2015-09-24,Other Roles,1,23
42,R1,1500,2015-09-24,2015-09-24,Role Consultant 1,1,11
43,R2,1125,2015-09-24,2015-09-24,Role Consultant 2,1,11
44,R2,40,2015-09-24,2015-09-24,Developer Role - Vidya,3,12
45,R1,1500,2015-09-24,2015-09-24,Senior Consultant,1,7
46,R2,1125,2015-09-24,2015-09-24,Junior Consultant,1,7
47,R3,750,2015-09-24,2015-09-24,Role Consultant 3,1,11
48,T1,0,2015-09-24,2015-09-24,Trainer,1,30
49,TE,0,2015-09-24,2015-09-24,Trainee,1,30
50,R2,62.5,2015-09-24,2015-09-24,Role Consultant 2,3,15
51,R1,1875,2015-09-24,2015-09-24,Role Consultant 1,1,18
52,R1,875,2015-09-24,2015-09-24,Developer Role,1,13
53,R4,750,2015-09-24,2015-09-24,External consultant role - Dev 4,1,26
54,R2,1375,2015-09-24,2015-09-24,Role Consultant 2,1,18
55,DS1,1275,2015-09-24,2015-09-24,Developer Role,1,13
56,NULL,NULL,2015-09-24,2015-09-24,NULL,NULL,NULL
57,NULL,NULL,2015-09-24,2015-09-24,NULL,NULL,NULL
58,NULL,NULL,2015-09-24,2015-09-24,NULL,NULL,NULL
59,NULL,NULL,2015-09-24,2015-09-24,NULL,NULL,NULL
60,NULL,NULL,2015-09-24,2015-09-24,NULL,NULL,NULL
61,NULL,NULL,2015-09-24,2015-09-24,NULL,NULL,NULL
62,NULL,NULL,2015-09-24,2015-09-24,NULL,NULL,NULL
63,NULL,NULL,2015-09-24,2015-09-24,NULL,NULL,NULL
64,NULL,NULL,2015-09-24,2015-09-24,NULL,NULL,NULL
65,NULL,NULL,2015-09-24,2015-09-24,NULL,NULL,NULL
66,NULL,NULL,2015-09-24,2015-09-24,NULL,NULL,NULL
67,NULL,NULL,2015-09-24,2015-09-24,NULL,NULL,NULL
68,NULL,NULL,2015-09-24,2015-09-24,NULL,NULL,NULL
69,NULL,NULL,2015-09-24,2015-09-24,NULL,NULL,NULL
70,NULL,NULL,2015-09-24,2015-09-24,NULL,NULL,NULL
71,NULL,NULL,2015-09-24,2015-09-24,NULL,NULL,NULL
72,NULL,NULL,2015-09-24,2015-09-24,NULL,NULL,NULL
73,NULL,NULL,2015-09-24,2015-09-24,NULL,NULL,NULL
74,NULL,NULL,2015-09-24,2015-09-24,NULL,NULL,NULL
75,NULL,NULL,2015-09-24,2015-09-24,NULL,NULL,NULL
76,NULL,NULL,2015-09-24,2015-09-24,NULL,NULL,NULL
77,NULL,NULL,2015-09-24,2015-09-24,NULL,NULL,NULL
78,NULL,NULL,2015-09-24,2015-09-24,NULL,NULL,NULL
79,NULL,NULL,2015-09-24,2015-09-24,NULL,NULL,NULL
80,NULL,NULL,2015-09-24,2015-09-24,NULL,NULL,NULL
81,NULL,NULL,2015-09-24,2015-09-24,NULL,NULL,NULL
82,NULL,NULL,2015-09-24,2015-09-24,NULL,NULL,NULL
83,NULL,NULL,2015-09-24,2015-09-24,NULL,NULL,NULL
84,NULL,NULL,2015-09-24,2015-09-24,NULL,NULL,NULL
85,NULL,NULL,2015-09-24,2015-09-24,NULL,NULL,NULL
86,NULL,NULL,2015-09-24,2015-09-24,NULL,NULL,NULL
87,NULL,NULL,2015-09-24,2015-09-24,NULL,NULL,NULL
88,NULL,NULL,2015-09-24,2015-09-24,NULL,NULL,NULL
89,NULL,NULL,2015-09-24,2015-09-24,NULL,NULL,NULL
90,NULL,NULL,2015-09-24,2015-09-24,NULL,NULL,NULL
91,NULL,NULL,2015-09-24,2015-09-24,NULL,NULL,NULL
92,NULL,NULL,2015-09-24,2015-09-24,NULL,NULL,NULL
93,NULL,NULL,2015-09-24,2015-09-24,NULL,NULL,NULL
94,NULL,NULL,2015-09-24,2015-09-24,NULL,NULL,NULL
95,NULL,NULL,2015-09-24,2015-09-24,NULL,NULL,NULL
96,NULL,NULL,2015-09-24,2015-09-24,NULL,NULL,NULL
97,NULL,NULL,2015-09-24,2015-09-24,NULL,NULL,NULL
98,NULL,NULL,2015-09-24,2015-09-24,NULL,NULL,NULL
99,NULL,NULL,2015-09-24,2015-09-24,NULL,NULL,NULL
100,NULL,NULL,2015-09-24,2015-09-24,NULL,NULL,NULL
101,NULL,NULL,2015-09-24,2015-09-24,NULL,NULL,NULL
102,NULL,NULL,2015-09-24,2015-09-24,NULL,NULL,NULL
103,NULL,NULL,2015-09-24,2015-09-24,NULL,NULL,NULL
104,NULL,NULL,2015-09-24,2015-09-24,NULL,NULL,NULL
105,NULL,NULL,2015-09-24,2015-09-24,NULL,NULL,NULL
106,NULL,NULL,2015-09-24,2015-09-24,NULL,NULL,NULL
107,NULL,NULL,2015-09-24,2015-09-24,NULL,NULL,NULL
108,NULL,NULL,2015-09-24,2015-09-24,NULL,NULL,NULL
109,NULL,NULL,2015-09-24,2015-09-24,NULL,NULL,NULL
110,NULL,NULL,2015-09-24,2015-09-24,NULL,NULL,NULL
111,NULL,NULL,2015-09-24,2015-09-24,NULL,NULL,NULL
112,NULL,NULL,2015-09-24,2015-09-24,NULL,NULL,NULL
113,NULL,NULL,2015-09-24,2015-09-24,NULL,NULL,NULL
114,NULL,NULL,2015-09-24,2015-09-24,NULL,NULL,NULL
115,NULL,NULL,2015-09-24,2015-09-24,NULL,NULL,NULL
116,NULL,NULL,2015-09-24,2015-09-24,NULL,NULL,NULL
117,NULL,NULL,2015-09-24,2015-09-24,NULL,NULL,NULL
118,NULL,NULL,2015-09-24,2015-09-24,NULL,NULL,NULL
119,NULL,NULL,2015-09-24,2015-09-24,NULL,NULL,NULL
120,NULL,NULL,2015-09-24,2015-09-24,NULL,NULL,NULL
121,NULL,NULL,2015-09-24,2015-09-24,NULL,NULL,NULL
122,NULL,NULL,2015-09-24,2015-09-24,NULL,NULL,NULL
123,NULL,NULL,2015-09-24,2015-09-24,NULL,NULL,NULL
124,NULL,NULL,2015-09-24,2015-09-24,NULL,NULL,NULL
125,NULL,NULL,2015-09-24,2015-09-24,NULL,NULL,NULL
126,NULL,NULL,2015-09-24,2015-09-24,NULL,NULL,NULL
127,NULL,NULL,2015-09-24,2015-09-24,NULL,NULL,NULL
128,NULL,NULL,2015-09-24,2015-09-24,NULL,NULL,NULL
129,NULL,NULL,2015-09-24,2015-09-24,NULL,NULL,NULL
130,NULL,NULL,2015-09-24,2015-09-24,NULL,NULL,NULL
131,NULL,NULL,2015-09-24,2015-09-24,NULL,NULL,NULL
132,NULL,NULL,2015-09-24,2015-09-24,NULL,NULL,NULL
133,NULL,NULL,2015-09-24,2015-09-24,NULL,NULL,NULL
134,NULL,NULL,2015-09-24,2015-09-24,NULL,NULL,NULL
135,NULL,NULL,2015-09-24,2015-09-24,NULL,NULL,NULL
136,NULL,NULL,2015-09-24,2015-09-24,NULL,NULL,NULL
137,NULL,NULL,2015-09-24,2015-09-24,NULL,NULL,NULL
138,NULL,NULL,2015-09-24,2015-09-24,NULL,NULL,NULL
139,NULL,NULL,2015-09-24,2015-09-24,NULL,NULL,NULL
140,NULL,NULL,2015-09-24,2015-09-24,NULL,NULL,NULL
141,NULL,NULL,2015-09-24,2015-09-24,NULL,NULL,NULL
142,NULL,NULL,2015-09-24,2015-09-24,NULL,NULL,NULL
143,NULL,NULL,2015-09-24,2015-09-24,NULL,NULL,NULL
144,NULL,NULL,2015-09-24,2015-09-24,NULL,NULL,NULL
145,NULL,NULL,2015-09-24,2015-09-24,NULL,NULL,NULL
146,NULL,NULL,2015-09-24,2015-09-24,NULL,NULL,NULL
147,NULL,NULL,2015-09-24,2015-09-24,NULL,NULL,NULL
148,NULL,NULL,2015-09-24,2015-09-24,NULL,NULL,NULL
149,NULL,NULL,2015-09-24,2015-09-24,NULL,NULL,NULL
150,NULL,NULL,2015-09-24,2015-09-24,NULL,NULL,NULL
151,NULL,NULL,2015-09-24,2015-09-24,NULL,NULL,NULL
152,NULL,NULL,2015-09-24,2015-09-24,NULL,NULL,NULL
153,NULL,NULL,2015-09-24,2015-09-24,NULL,NULL,NULL
154,NULL,NULL,2015-09-24,2015-09-24,NULL,NULL,NULL
155,NULL,NULL,2015-09-24,2015-09-24,NULL,NULL,NULL
156,NULL,NULL,2015-09-24,2015-09-24,NULL,NULL,NULL
157,NULL,NULL,2015-09-24,2015-09-24,NULL,NULL,NULL
158,NULL,NULL,2015-09-24,2015-09-24,NULL,NULL,NULL
159,NULL,NULL,2015-09-24,2015-09-24,NULL,NULL,NULL
160,NULL,NULL,2015-09-24,2015-09-24,NULL,NULL,NULL
161,NULL,NULL,2015-09-24,2015-09-24,NULL,NULL,NULL
162,NULL,NULL,2015-09-24,2015-09-24,NULL,NULL,NULL
163,NULL,NULL,2015-09-24,2015-09-24,NULL,NULL,NULL
164,NULL,NULL,2015-09-24,2015-09-24,NULL,NULL,NULL
165,NULL,NULL,2015-09-24,2015-09-24,NULL,NULL,NULL
166,NULL,NULL,2015-09-24,2015-09-24,NULL,NULL,NULL
167,NULL,NULL,2015-09-24,2015-09-24,NULL,NULL,NULL
168,NULL,NULL,2015-09-24,2015-09-24,NULL,NULL,NULL
169,NULL,NULL,2015-09-24,2015-09-24,NULL,NULL,NULL
170,NULL,NULL,2015-09-24,2015-09-24,NULL,NULL,NULL
171,NULL,NULL,2015-09-24,2015-09-24,NULL,NULL,NULL
172,NULL,NULL,2015-09-24,2015-09-24,NULL,NULL,NULL
173,NULL,NULL,2015-09-24,2015-09-24,NULL,NULL,NULL
174,NULL,NULL,2015-09-24,2015-09-24,NULL,NULL,NULL
175,NULL,NULL,2015-09-24,2015-09-24,NULL,NULL,NULL
176,NULL,NULL,2015-09-24,2015-09-24,NULL,NULL,NULL
177,NULL,NULL,2015-09-24,2015-09-24,NULL,NULL,NULL
178,NULL,NULL,2015-09-24,2015-09-24,NULL,NULL,NULL
179,NULL,NULL,2015-09-24,2015-09-24,NULL,NULL,NULL
180,NULL,NULL,2015-09-24,2015-09-24,NULL,NULL,NULL
181,NULL,NULL,2015-09-24,2015-09-24,NULL,NULL,NULL
182,NULL,NULL,2015-09-24,2015-09-24,NULL,NULL,NULL
183,NULL,NULL,2015-09-24,2015-09-24,NULL,NULL,NULL
184,NULL,NULL,2015-09-24,2015-09-24,NULL,NULL,NULL
185,NULL,NULL,2015-09-24,2015-09-24,NULL,NULL,NULL
186,NULL,NULL,2015-09-24,2015-09-24,NULL,NULL,NULL
187,NULL,NULL,2015-09-24,2015-09-24,NULL,NULL,NULL
188,NULL,NULL,2015-09-24,2015-09-24,NULL,NULL,NULL
189,NULL,NULL,2015-09-24,2015-09-24,NULL,NULL,NULL
190,NULL,NULL,2015-09-24,2015-09-24,NULL,NULL,NULL
191,NULL,NULL,2015-09-24,2015-09-24,NULL,NULL,NULL
192,NULL,NULL,2015-09-24,2015-09-24,NULL,NULL,NULL
193,NULL,NULL,2015-09-24,2015-09-24,NULL,NULL,NULL
194,NULL,NULL,2015-09-24,2015-09-24,NULL,NULL,NULL
195,NULL,NULL,2015-09-24,2015-09-24,NULL,NULL,NULL
196,NULL,NULL,2015-09-24,2015-09-24,NULL,NULL,NULL
197,NULL,NULL,2015-09-24,2015-09-24,NULL,NULL,NULL
198,NULL,NULL,2015-09-24,2015-09-24,NULL,NULL,NULL
199,NULL,NULL,2015-09-24,2015-09-24,NULL,NULL,NULL
200,NULL,NULL,2015-09-24,2015-09-24,NULL,NULL,NULL
201,NULL,NULL,2015-09-24,2015-09-24,NULL,NULL,NULL
202,NULL,NULL,2015-09-24,2015-09-24,NULL,NULL,NULL
203,NULL,NULL,2015-09-24,2015-09-24,NULL,NULL,NULL
204,NULL,NULL,2015-09-24,2015-09-24,NULL,NULL,NULL
205,NULL,NULL,2015-09-24,2015-09-24,NULL,NULL,NULL
206,NULL,NULL,2015-09-24,2015-09-24,NULL,NULL,NULL
207,NULL,NULL,2015-09-24,2015-09-24,NULL,NULL,NULL
208,NULL,NULL,2015-09-24,2015-09-24,NULL,NULL,NULL
209,NULL,NULL,2015-09-24,2015-09-24,NULL,NULL,NULL
210,NULL,NULL,2015-09-24,2015-09-24,NULL,NULL,NULL
211,NULL,NULL,2015-09-24,2015-09-24,NULL,NULL,NULL
212,NULL,NULL,2015-09-24,2015-09-24,NULL,NULL,NULL
213,NULL,NULL,2015-09-24,2015-09-24,NULL,NULL,NULL
214,NULL,NULL,2015-09-24,2015-09-24,NULL,NULL,NULL
215,NULL,NULL,2015-09-24,2015-09-24,NULL,NULL,NULL
216,NULL,NULL,2015-09-24,2015-09-24,NULL,NULL,NULL
217,NULL,NULL,2015-09-24,2015-09-24,NULL,NULL,NULL
218,NULL,NULL,2015-09-24,2015-09-24,NULL,NULL,NULL
219,NULL,NULL,2015-09-24,2015-09-24,NULL,NULL,NULL
220,NULL,NULL,2015-09-24,2015-09-24,NULL,NULL,NULL
221,NULL,NULL,2015-09-24,2015-09-24,NULL,NULL,NULL
222,NULL,NULL,2015-09-24,2015-09-24,NULL,NULL,NULL
223,NULL,NULL,2015-09-24,2015-09-24,NULL,NULL,NULL
224,NULL,NULL,2015-09-24,2015-09-24,NULL,NULL,NULL
225,NULL,NULL,2015-09-24,2015-09-24,NULL,NULL,NULL
226,NULL,NULL,2015-09-24,2015-09-24,NULL,NULL,NULL
227,NULL,NULL,2015-09-24,2015-09-24,NULL,NULL,NULL
228,NULL,NULL,2015-09-24,2015-09-24,NULL,NULL,NULL
229,NULL,NULL,2015-09-24,2015-09-24,NULL,NULL,NULL
230,NULL,NULL,2015-09-24,2015-09-24,NULL,NULL,NULL
231,NULL,NULL,2015-09-24,2015-09-24,NULL,NULL,NULL
232,NULL,NULL,2015-09-24,2015-09-24,NULL,NULL,NULL
233,NULL,NULL,2015-09-24,2015-09-24,NULL,NULL,NULL
234,NULL,NULL,2015-09-24,2015-09-24,NULL,NULL,NULL
235,NULL,NULL,2015-09-24,2015-09-24,NULL,NULL,NULL
236,NULL,NULL,2015-09-24,2015-09-24,NULL,NULL,NULL
237,NULL,NULL,2015-09-24,2015-09-24,NULL,NULL,NULL
238,NULL,NULL,2015-09-24,2015-09-24,NULL,NULL,NULL
239,NULL,NULL,2015-09-24,2015-09-24,NULL,NULL,NULL
240,NULL,NULL,2015-09-24,2015-09-24,NULL,NULL,NULL
241,NULL,NULL,2015-09-24,2015-09-24,NULL,NULL,NULL
242,NULL,NULL,2015-09-24,2015-09-24,NULL,NULL,NULL
243,NULL,NULL,2015-09-24,2015-09-24,NULL,NULL,NULL
244,NULL,NULL,2015-09-24,2015-09-24,NULL,NULL,NULL
245,NULL,NULL,2015-09-24,2015-09-24,NULL,NULL,NULL
246,NULL,NULL,2015-09-24,2015-09-24,NULL,NULL,NULL
247,NULL,NULL,2015-09-24,2015-09-24,NULL,NULL,NULL
248,NULL,NULL,2015-09-24,2015-09-24,NULL,NULL,NULL
249,NULL,NULL,2015-09-24,2015-09-24,NULL,NULL,NULL
250,NULL,NULL,2015-09-24,2015-09-24,NULL,NULL,NULL
251,NULL,NULL,2015-09-24,2015-09-24,NULL,NULL,NULL
252,NULL,NULL,2015-09-24,2015-09-24,NULL,NULL,NULL
253,NULL,NULL,2015-09-24,2015-09-24,NULL,NULL,NULL
254,NULL,NULL,2015-09-24,2015-09-24,NULL,NULL,NULL
255,NULL,NULL,2015-09-24,2015-09-24,NULL,NULL,NULL
256,NULL,NULL,2015-09-24,2015-09-24,NULL,NULL,NULL
257,NULL,NULL,2015-09-24,2015-09-24,NULL,NULL,NULL
258,NULL,NULL,2015-09-24,2015-09-24,NULL,NULL,NULL
259,NULL,NULL,2015-09-24,2015-09-24,NULL,NULL,NULL
260,NULL,NULL,2015-09-24,2015-09-24,NULL,NULL,NULL
261,NULL,NULL,2015-09-24,2015-09-24,NULL,NULL,NULL
262,NULL,NULL,2015-09-24,2015-09-24,NULL,NULL,NULL
263,NULL,NULL,2015-09-24,2015-09-24,NULL,NULL,NULL
264,NULL,NULL,2015-09-24,2015-09-24,NULL,NULL,NULL
265,NULL,NULL,2015-09-24,2015-09-24,NULL,NULL,NULL
266,NULL,NULL,2015-09-24,2015-09-24,NULL,NULL,NULL
267,NULL,NULL,2015-09-24,2015-09-24,NULL,NULL,NULL
268,NULL,NULL,2015-09-24,2015-09-24,NULL,NULL,NULL
269,NULL,NULL,2015-09-24,2015-09-24,NULL,NULL,NULL
270,NULL,NULL,2015-09-24,2015-09-24,NULL,NULL,NULL
271,NULL,NULL,2015-09-24,2015-09-24,NULL,NULL,NULL
272,NULL,NULL,2015-09-24,2015-09-24,NULL,NULL,NULL
273,NULL,NULL,2015-09-24,2015-09-24,NULL,NULL,NULL
274,NULL,NULL,2015-09-24,2015-09-24,NULL,NULL,NULL
275,NULL,NULL,2015-09-24,2015-09-24,NULL,NULL,NULL
276,NULL,NULL,2015-09-24,2015-09-24,NULL,NULL,NULL
277,NULL,NULL,2015-09-24,2015-09-24,NULL,NULL,NULL
278,NULL,NULL,2015-09-24,2015-09-24,NULL,NULL,NULL
279,NULL,NULL,2015-09-24,2015-09-24,NULL,NULL,NULL
280,NULL,NULL,2015-09-24,2015-09-24,NULL,NULL,NULL
281,NULL,NULL,2015-09-24,2015-09-24,NULL,NULL,NULL
282,NULL,NULL,2015-09-24,2015-09-24,NULL,NULL,NULL
283,NULL,NULL,2015-09-24,2015-09-24,NULL,NULL,NULL
284,NULL,NULL,2015-09-24,2015-09-24,NULL,NULL,NULL
285,NULL,NULL,2015-09-24,2015-09-24,NULL,NULL,NULL
286,NULL,NULL,2015-09-24,2015-09-24,NULL,NULL,NULL
287,NULL,NULL,2015-09-24,2015-09-24,NULL,NULL,NULL
288,NULL,NULL,2015-09-24,2015-09-24,NULL,NULL,NULL
289,NULL,NULL,2015-09-24,2015-09-24,NULL,NULL,NULL
290,NULL,NULL,2015-09-24,2015-09-24,NULL,NULL,NULL
291,NULL,NULL,2015-09-24,2015-09-24,NULL,NULL,NULL
292,NULL,NULL,2015-09-24,2015-09-24,NULL,NULL,NULL
293,NULL,NULL,2015-09-24,2015-09-24,NULL,NULL,NULL
294,NULL,NULL,2015-09-24,2015-09-24,NULL,NULL,NULL
295,NULL,NULL,2015-09-24,2015-09-24,NULL,NULL,NULL
296,NULL,NULL,2015-09-24,2015-09-24,NULL,NULL,NULL
297,NULL,NULL,2015-09-24,2015-09-24,NULL,NULL,NULL
298,NULL,NULL,2015-09-24,2015-09-24,NULL,NULL,NULL
299,NULL,NULL,2015-09-24,2015-09-24,NULL,NULL,NULL
300,NULL,NULL,2015-09-24,2015-09-24,NULL,NULL,NULL
301,NULL,NULL,2015-09-24,2015-09-24,NULL,NULL,NULL
302,NULL,NULL,2015-09-24,2015-09-24,NULL,NULL,NULL
303,NULL,NULL,2015-09-24,2015-09-24,NULL,NULL,NULL
304,NULL,NULL,2015-09-24,2015-09-24,NULL,NULL,NULL
305,NULL,NULL,2015-09-24,2015-09-24,NULL,NULL,NULL
306,NULL,NULL,2015-09-24,2015-09-24,NULL,NULL,NULL
307,NULL,NULL,2015-09-24,2015-09-24,NULL,NULL,NULL
308,NULL,NULL,2015-09-24,2015-09-24,NULL,NULL,NULL
309,NULL,NULL,2015-09-24,2015-09-24,NULL,NULL,NULL
310,NULL,NULL,2015-09-24,2015-09-24,NULL,NULL,NULL
311,NULL,NULL,2015-09-24,2015-09-24,NULL,NULL,NULL
312,NULL,NULL,2015-09-24,2015-09-24,NULL,NULL,NULL
313,NULL,NULL,2015-09-24,2015-09-24,NULL,NULL,NULL
314,NULL,NULL,2015-09-24,2015-09-24,NULL,NULL,NULL
315,NULL,NULL,2015-09-24,2015-09-24,NULL,NULL,NULL
316,NULL,NULL,2015-09-24,2015-09-24,NULL,NULL,NULL
317,NULL,NULL,2015-09-24,2015-09-24,NULL,NULL,NULL
318,NULL,NULL,2015-09-24,2015-09-24,NULL,NULL,NULL
319,NULL,NULL,2015-09-24,2015-09-24,NULL,NULL,NULL
320,NULL,NULL,2015-09-24,2015-09-24,NULL,NULL,NULL
321,NULL,NULL,2015-09-24,2015-09-24,NULL,NULL,NULL
322,NULL,NULL,2015-09-24,2015-09-24,NULL,NULL,NULL
323,NULL,NULL,2015-09-24,2015-09-24,NULL,NULL,NULL
324,NULL,NULL,2015-09-24,2015-09-24,NULL,NULL,NULL
325,NULL,NULL,2015-09-24,2015-09-24,NULL,NULL,NULL
326,NULL,NULL,2015-09-24,2015-09-24,NULL,NULL,NULL
327,NULL,NULL,2015-09-24,2015-09-24,NULL,NULL,NULL
328,NULL,NULL,2015-09-24,2015-09-24,NULL,NULL,NULL
329,NULL,NULL,2015-09-24,2015-09-24,NULL,NULL,NULL
330,NULL,NULL,2015-09-24,2015-09-24,NULL,NULL,NULL
331,NULL,NULL,2015-09-24,2015-09-24,NULL,NULL,NULL
332,NULL,NULL,2015-09-24,2015-09-24,NULL,NULL,NULL
333,NULL,NULL,2015-09-24,2015-09-24,NULL,NULL,NULL
334,NULL,NULL,2015-09-24,2015-09-24,NULL,NULL,NULL
335,NULL,NULL,2015-09-24,2015-09-24,NULL,NULL,NULL
336,NULL,NULL,2015-09-24,2015-09-24,NULL,NULL,NULL
337,NULL,NULL,2015-09-24,2015-09-24,NULL,NULL,NULL
338,NULL,NULL,2015-09-24,2015-09-24,NULL,NULL,NULL
339,NULL,NULL,2015-09-24,2015-09-24,NULL,NULL,NULL
340,NULL,NULL,2015-09-24,2015-09-24,NULL,NULL,NULL
341,NULL,NULL,2015-09-24,2015-09-24,NULL,NULL,NULL
342,NULL,NULL,2015-09-24,2015-09-24,NULL,NULL,NULL
343,NULL,NULL,2015-09-24,2015-09-24,NULL,NULL,NULL
344,NULL,NULL,2015-09-24,2015-09-24,NULL,NULL,NULL
345,NULL,NULL,2015-09-24,2015-09-24,NULL,NULL,NULL
346,NULL,NULL,2015-09-24,2015-09-24,NULL,NULL,NULL
347,NULL,NULL,2015-09-24,2015-09-24,NULL,NULL,NULL
348,NULL,NULL,2015-09-24,2015-09-24,NULL,NULL,NULL
349,NULL,NULL,2015-09-24,2015-09-24,NULL,NULL,NULL
350,NULL,NULL,2015-09-24,2015-09-24,NULL,NULL,NULL
351,NULL,NULL,2015-09-24,2015-09-24,NULL,NULL,NULL
352,NULL,NULL,2015-09-24,2015-09-24,NULL,NULL,NULL
353,NULL,NULL,2015-09-24,2015-09-24,NULL,NULL,NULL
354,NULL,NULL,2015-09-24,2015-09-24,NULL,NULL,NULL
355,NULL,NULL,2015-09-24,2015-09-24,NULL,NULL,NULL
356,NULL,NULL,2015-09-24,2015-09-24,NULL,NULL,NULL
357,NULL,NULL,2015-09-24,2015-09-24,NULL,NULL,NULL
358,NULL,NULL,2015-09-24,2015-09-24,NULL,NULL,NULL
359,NULL,NULL,2015-09-24,2015-09-24,NULL,NULL,NULL
360,NULL,NULL,2015-09-24,2015-09-24,NULL,NULL,NULL
361,NULL,NULL,2015-09-24,2015-09-24,NULL,NULL,NULL
362,NULL,NULL,2015-09-24,2015-09-24,NULL,NULL,NULL
363,NULL,NULL,2015-09-24,2015-09-24,NULL,NULL,NULL
364,NULL,NULL,2015-09-24,2015-09-24,NULL,NULL,NULL
365,NULL,NULL,2015-09-24,2015-09-24,NULL,NULL,NULL
366,NULL,NULL,2015-09-24,2015-09-24,NULL,NULL,NULL
367,NULL,NULL,2015-09-24,2015-09-24,NULL,NULL,NULL
368,NULL,NULL,2015-09-24,2015-09-24,NULL,NULL,NULL
369,NULL,NULL,2015-09-24,2015-09-24,NULL,NULL,NULL
370,NULL,NULL,2015-09-24,2015-09-24,NULL,NULL,NULL
371,NULL,NULL,2015-09-24,2015-09-24,NULL,NULL,NULL
372,NULL,NULL,2015-09-24,2015-09-24,NULL,NULL,NULL
373,NULL,NULL,2015-09-24,2015-09-24,NULL,NULL,NULL
374,NULL,NULL,2015-09-24,2015-09-24,NULL,NULL,NULL
375,NULL,NULL,2015-09-24,2015-09-24,NULL,NULL,NULL
376,NULL,NULL,2015-09-24,2015-09-24,NULL,NULL,NULL
377,NULL,NULL,2015-09-24,2015-09-24,NULL,NULL,NULL
378,NULL,NULL,2015-09-24,2015-09-24,NULL,NULL,NULL
379,NULL,NULL,2015-09-24,2015-09-24,NULL,NULL,NULL
380,NULL,NULL,2015-09-24,2015-09-24,NULL,NULL,NULL
381,NULL,NULL,2015-09-24,2015-09-24,NULL,NULL,NULL
382,NULL,NULL,2015-09-24,2015-09-24,NULL,NULL,NULL
383,NULL,NULL,2015-09-24,2015-09-24,NULL,NULL,NULL
384,NULL,NULL,2015-09-24,2015-09-24,NULL,NULL,NULL
385,NULL,NULL,2015-09-24,2015-09-24,NULL,NULL,NULL
386,NULL,NULL,2015-09-24,2015-09-24,NULL,NULL,NULL
387,NULL,NULL,2015-09-24,2015-09-24,NULL,NULL,NULL
388,NULL,NULL,2015-09-24,2015-09-24,NULL,NULL,NULL
389,NULL,NULL,2015-09-24,2015-09-24,NULL,NULL,NULL
390,NULL,NULL,2015-09-24,2015-09-24,NULL,NULL,NULL
391,NULL,NULL,2015-09-24,2015-09-24,NULL,NULL,NULL
392,NULL,NULL,2015-09-24,2015-09-24,NULL,NULL,NULL
393,NULL,NULL,2015-09-24,2015-09-24,NULL,NULL,NULL
394,NULL,NULL,2015-09-24,2015-09-24,NULL,NULL,NULL
395,NULL,NULL,2015-09-24,2015-09-24,NULL,NULL,NULL
396,NULL,NULL,2015-09-24,2015-09-24,NULL,NULL,NULL
397,NULL,NULL,2015-09-24,2015-09-24,NULL,NULL,NULL
398,NULL,NULL,2015-09-24,2015-09-24,NULL,NULL,NULL
399,NULL,NULL,2015-09-24,2015-09-24,NULL,NULL,NULL
400,NULL,NULL,2015-09-24,2015-09-24,NULL,NULL,NULL
401,NULL,NULL,2015-09-24,2015-09-24,NULL,NULL,NULL
402,NULL,NULL,2015-09-24,2015-09-24,NULL,NULL,NULL
403,NULL,NULL,2015-09-24,2015-09-24,NULL,NULL,NULL
404,NULL,NULL,2015-09-24,2015-09-24,NULL,NULL,NULL
405,NULL,NULL,2015-09-24,2015-09-24,NULL,NULL,NULL
406,NULL,NULL,2015-09-24,2015-09-24,NULL,NULL,NULL
407,NULL,NULL,2015-09-24,2015-09-24,NULL,NULL,NULL
408,NULL,NULL,2015-09-24,2015-09-24,NULL,NULL,NULL
409,NULL,NULL,2015-09-24,2015-09-24,NULL,NULL,NULL
410,NULL,NULL,2015-09-24,2015-09-24,NULL,NULL,NULL
411,NULL,NULL,2015-09-24,2015-09-24,NULL,NULL,NULL
412,NULL,NULL,2015-09-24,2015-09-24,NULL,NULL,NULL
413,NULL,NULL,2015-09-24,2015-09-24,NULL,NULL,NULL
414,NULL,NULL,2015-09-24,2015-09-24,NULL,NULL,NULL
415,NULL,NULL,2015-09-24,2015-09-24,NULL,NULL,NULL
416,NULL,NULL,2015-09-24,2015-09-24,NULL,NULL,NULL
417,NULL,NULL,2015-09-24,2015-09-24,NULL,NULL,NULL
418,NULL,NULL,2015-09-24,2015-09-24,NULL,NULL,NULL
419,NULL,NULL,2015-09-24,2015-09-24,NULL,NULL,NULL
420,NULL,NULL,2015-09-24,2015-09-24,NULL,NULL,NULL
421,NULL,NULL,2015-09-24,2015-09-24,NULL,NULL,NULL
422,NULL,NULL,2015-09-24,2015-09-24,NULL,NULL,NULL
423,NULL,NULL,2015-09-24,2015-09-24,NULL,NULL,NULL
424,NULL,NULL,2015-09-24,2015-09-24,NULL,NULL,NULL
425,NULL,NULL,2015-09-24,2015-09-24,NULL,NULL,NULL
426,NULL,NULL,2015-09-24,2015-09-24,NULL,NULL,NULL
427,NULL,NULL,2015-09-24,2015-09-24,NULL,NULL,NULL
428,NULL,NULL,2015-09-24,2015-09-24,NULL,NULL,NULL
429,NULL,NULL,2015-09-24,2015-09-24,NULL,NULL,NULL
430,NULL,NULL,2015-09-24,2015-09-24,NULL,NULL,NULL
431,NULL,NULL,2015-09-24,2015-09-24,NULL,NULL,NULL
432,NULL,NULL,2015-09-24,2015-09-24,NULL,NULL,NULL
433,NULL,NULL,2015-09-24,2015-09-24,NULL,NULL,NULL
434,NULL,NULL,2015-09-24,2015-09-24,NULL,NULL,NULL
435,NULL,NULL,2015-09-24,2015-09-24,NULL,NULL,NULL
436,NULL,NULL,2015-09-24,2015-09-24,NULL,NULL,NULL
437,NULL,NULL,2015-09-24,2015-09-24,NULL,NULL,NULL
438,NULL,NULL,2015-09-24,2015-09-24,NULL,NULL,NULL
439,NULL,NULL,2015-09-24,2015-09-24,NULL,NULL,NULL
440,NULL,NULL,2015-09-24,2015-09-24,NULL,NULL,NULL
441,NULL,NULL,2015-09-24,2015-09-24,NULL,NULL,NULL
442,NULL,NULL,2015-09-24,2015-09-24,NULL,NULL,NULL
443,NULL,NULL,2015-09-24,2015-09-24,NULL,NULL,NULL
444,NULL,NULL,2015-09-24,2015-09-24,NULL,NULL,NULL
445,NULL,NULL,2015-09-24,2015-09-24,NULL,NULL,NULL
446,NULL,NULL,2015-09-24,2015-09-24,NULL,NULL,NULL
447,NULL,NULL,2015-09-24,2015-09-24,NULL,NULL,NULL
448,NULL,NULL,2015-09-24,2015-09-24,NULL,NULL,NULL
449,NULL,NULL,2015-09-24,2015-09-24,NULL,NULL,NULL
450,NULL,NULL,2015-09-24,2015-09-24,NULL,NULL,NULL
451,NULL,NULL,2015-09-24,2015-09-24,NULL,NULL,NULL
452,NULL,NULL,2015-09-24,2015-09-24,NULL,NULL,NULL
453,NULL,NULL,2015-09-24,2015-09-24,NULL,NULL,NULL
454,NULL,NULL,2015-09-24,2015-09-24,NULL,NULL,NULL
455,NULL,NULL,2015-09-24,2015-09-24,NULL,NULL,NULL
456,NULL,NULL,2015-09-24,2015-09-24,NULL,NULL,NULL
457,NULL,NULL,2015-09-24,2015-09-24,NULL,NULL,NULL
458,NULL,NULL,2015-09-24,2015-09-24,NULL,NULL,NULL
459,NULL,NULL,2015-09-24,2015-09-24,NULL,NULL,NULL
460,NULL,NULL,2015-09-24,2015-09-24,NULL,NULL,NULL
461,NULL,NULL,2015-09-24,2015-09-24,NULL,NULL,NULL
462,NULL,NULL,2015-09-24,2015-09-24,NULL,NULL,NULL
463,NULL,NULL,2015-09-24,2015-09-24,NULL,NULL,NULL
464,NULL,NULL,2015-09-24,2015-09-24,NULL,NULL,NULL
465,NULL,NULL,2015-09-24,2015-09-24,NULL,NULL,NULL
466,NULL,NULL,2015-09-24,2015-09-24,NULL,NULL,NULL
467,NULL,NULL,2015-09-24,2015-09-24,NULL,NULL,NULL
468,NULL,NULL,2015-09-24,2015-09-24,NULL,NULL,NULL
469,NULL,NULL,2015-09-24,2015-09-24,NULL,NULL,NULL
470,NULL,NULL,2015-09-24,2015-09-24,NULL,NULL,NULL
471,NULL,NULL,2015-09-24,2015-09-24,NULL,NULL,NULL
472,NULL,NULL,2015-09-24,2015-09-24,NULL,NULL,NULL
473,NULL,NULL,2015-09-24,2015-09-24,NULL,NULL,NULL
474,NULL,NULL,2015-09-24,2015-09-24,NULL,NULL,NULL
475,NULL,NULL,2015-09-24,2015-09-24,NULL,NULL,NULL
476,NULL,NULL,2015-09-24,2015-09-24,NULL,NULL,NULL
477,NULL,NULL,2015-09-24,2015-09-24,NULL,NULL,NULL
478,NULL,NULL,2015-09-24,2015-09-24,NULL,NULL,NULL
479,NULL,NULL,2015-09-24,2015-09-24,NULL,NULL,NULL
480,NULL,NULL,2015-09-24,2015-09-24,NULL,NULL,NULL
481,NULL,NULL,2015-09-24,2015-09-24,NULL,NULL,NULL
482,NULL,NULL,2015-09-24,2015-09-24,NULL,NULL,NULL
483,NULL,NULL,2015-09-24,2015-09-24,NULL,NULL,NULL
484,NULL,NULL,2015-09-24,2015-09-24,NULL,NULL,NULL
485,NULL,NULL,2015-09-24,2015-09-24,NULL,NULL,NULL
486,NULL,NULL,2015-09-24,2015-09-24,NULL,NULL,NULL
487,NULL,NULL,2015-09-24,2015-09-24,NULL,NULL,NULL
488,NULL,NULL,2015-09-24,2015-09-24,NULL,NULL,NULL
489,NULL,NULL,2015-09-24,2015-09-24,NULL,NULL,NULL
490,NULL,NULL,2015-09-24,2015-09-24,NULL,NULL,NULL
491,NULL,NULL,2015-09-24,2015-09-24,NULL,NULL,NULL
492,NULL,NULL,2015-09-24,2015-09-24,NULL,NULL,NULL
493,NULL,NULL,2015-09-24,2015-09-24,NULL,NULL,NULL
494,NULL,NULL,2015-09-24,2015-09-24,NULL,NULL,NULL
495,NULL,NULL,2015-09-24,2015-09-24,NULL,NULL,NULL
496,NULL,NULL,2015-09-24,2015-09-24,NULL,NULL,NULL
497,NULL,NULL,2015-09-24,2015-09-24,NULL,NULL,NULL
498,NULL,NULL,2015-09-24,2015-09-24,NULL,NULL,NULL
499,NULL,NULL,2015-09-24,2015-09-24,NULL,NULL,NULL
500,NULL,NULL,2015-09-24,2015-09-24,NULL,NULL,NULL
501,NULL,NULL,2015-09-24,2015-09-24,NULL,NULL,NULL
502,NULL,NULL,2015-09-24,2015-09-24,NULL,NULL,NULL
503,NULL,NULL,2015-09-24,2015-09-24,NULL,NULL,NULL
504,NULL,NULL,2015-09-24,2015-09-24,NULL,NULL,NULL
505,NULL,NULL,2015-09-24,2015-09-24,NULL,NULL,NULL
506,NULL,NULL,2015-09-24,2015-09-24,NULL,NULL,NULL
507,NULL,NULL,2015-09-24,2015-09-24,NULL,NULL,NULL
508,NULL,NULL,2015-09-24,2015-09-24,NULL,NULL,NULL
509,NULL,NULL,2015-09-24,2015-09-24,NULL,NULL,NULL
510,NULL,NULL,2015-09-24,2015-09-24,NULL,NULL,NULL
511,NULL,NULL,2015-09-24,2015-09-24,NULL,NULL,NULL
512,NULL,NULL,2015-09-24,2015-09-24,NULL,NULL,NULL
513,NULL,NULL,2015-09-24,2015-09-24,NULL,NULL,NULL
514,NULL,NULL,2015-09-24,2015-09-24,NULL,NULL,NULL
515,NULL,NULL,2015-09-24,2015-09-24,NULL,NULL,NULL
516,NULL,NULL,2015-09-24,2015-09-24,NULL,NULL,NULL
517,NULL,NULL,2015-09-24,2015-09-24,NULL,NULL,NULL
518,NULL,NULL,2015-09-24,2015-09-24,NULL,NULL,NULL
519,NULL,NULL,2015-09-24,2015-09-24,NULL,NULL,NULL
520,NULL,NULL,2015-09-24,2015-09-24,NULL,NULL,NULL
521,NULL,NULL,2015-09-24,2015-09-24,NULL,NULL,NULL
522,NULL,NULL,2015-09-24,2015-09-24,NULL,NULL,NULL
523,NULL,NULL,2015-09-24,2015-09-24,NULL,NULL,NULL
524,NULL,NULL,2015-09-24,2015-09-24,NULL,NULL,NULL
525,NULL,NULL,2015-09-24,2015-09-24,NULL,NULL,NULL
526,NULL,NULL,2015-09-24,2015-09-24,NULL,NULL,NULL
527,NULL,NULL,2015-09-24,2015-09-24,NULL,NULL,NULL
528,NULL,NULL,2015-09-24,2015-09-24,NULL,NULL,NULL
529,NULL,NULL,2015-09-24,2015-09-24,NULL,NULL,NULL
530,NULL,NULL,2015-09-24,2015-09-24,NULL,NULL,NULL
531,NULL,NULL,2015-09-24,2015-09-24,NULL,NULL,NULL
532,NULL,NULL,2015-09-24,2015-09-24,NULL,NULL,NULL
533,NULL,NULL,2015-09-24,2015-09-24,NULL,NULL,NULL
534,NULL,NULL,2015-09-24,2015-09-24,NULL,NULL,NULL
535,NULL,NULL,2015-09-24,2015-09-24,NULL,NULL,NULL
536,NULL,NULL,2015-09-24,2015-09-24,NULL,NULL,NULL
537,NULL,NULL,2015-09-24,2015-09-24,NULL,NULL,NULL
538,NULL,NULL,2015-09-24,2015-09-24,NULL,NULL,NULL
539,NULL,NULL,2015-09-24,2015-09-24,NULL,NULL,NULL
540,NULL,NULL,2015-09-24,2015-09-24,NULL,NULL,NULL
541,NULL,NULL,2015-09-24,2015-09-24,NULL,NULL,NULL
542,NULL,NULL,2015-09-24,2015-09-24,NULL,NULL,NULL
543,NULL,NULL,2015-09-24,2015-09-24,NULL,NULL,NULL
544,NULL,NULL,2015-09-24,2015-09-24,NULL,NULL,NULL
545,NULL,NULL,2015-09-24,2015-09-24,NULL,NULL,NULL
546,NULL,NULL,2015-09-24,2015-09-24,NULL,NULL,NULL
547,NULL,NULL,2015-09-24,2015-09-24,NULL,NULL,NULL
548,NULL,NULL,2015-09-24,2015-09-24,NULL,NULL,NULL
549,NULL,NULL,2015-09-24,2015-09-24,NULL,NULL,NULL
550,NULL,NULL,2015-09-24,2015-09-24,NULL,NULL,NULL
551,NULL,NULL,2015-09-24,2015-09-24,NULL,NULL,NULL
552,NULL,NULL,2015-09-24,2015-09-24,NULL,NULL,NULL
553,NULL,NULL,2015-09-24,2015-09-24,NULL,NULL,NULL
554,NULL,NULL,2015-09-24,2015-09-24,NULL,NULL,NULL
555,NULL,NULL,2015-09-24,2015-09-24,NULL,NULL,NULL
556,NULL,NULL,2015-09-24,2015-09-24,NULL,NULL,NULL
557,NULL,NULL,2015-09-24,2015-09-24,NULL,NULL,NULL
558,NULL,NULL,2015-09-24,2015-09-24,NULL,NULL,NULL
559,NULL,NULL,2015-09-24,2015-09-24,NULL,NULL,NULL
560,NULL,NULL,2015-09-24,2015-09-24,NULL,NULL,NULL
561,NULL,NULL,2015-09-24,2015-09-24,NULL,NULL,NULL
562,NULL,NULL,2015-09-24,2015-09-24,NULL,NULL,NULL
563,NULL,NULL,2015-09-24,2015-09-24,NULL,NULL,NULL
564,NULL,NULL,2015-09-24,2015-09-24,NULL,NULL,NULL
565,NULL,NULL,2015-09-24,2015-09-24,NULL,NULL,NULL
566,NULL,NULL,2015-09-24,2015-09-24,NULL,NULL,NULL
567,NULL,NULL,2015-09-24,2015-09-24,NULL,NULL,NULL
568,NULL,NULL,2015-09-24,2015-09-24,NULL,NULL,NULL
569,NULL,NULL,2015-09-24,2015-09-24,NULL,NULL,NULL
570,NULL,NULL,2015-09-24,2015-09-24,NULL,NULL,NULL
571,NULL,NULL,2015-09-24,2015-09-24,NULL,NULL,NULL
572,NULL,NULL,2015-09-24,2015-09-24,NULL,NULL,NULL
573,NULL,NULL,2015-09-24,2015-09-24,NULL,NULL,NULL
574,NULL,NULL,2015-09-24,2015-09-24,NULL,NULL,NULL
575,NULL,NULL,2015-09-24,2015-09-24,NULL,NULL,NULL
576,NULL,NULL,2015-09-24,2015-09-24,NULL,NULL,NULL
577,NULL,NULL,2015-09-24,2015-09-24,NULL,NULL,NULL
578,NULL,NULL,2015-09-24,2015-09-24,NULL,NULL,NULL
579,NULL,NULL,2015-09-24,2015-09-24,NULL,NULL,NULL
580,NULL,NULL,2015-09-24,2015-09-24,NULL,NULL,NULL
581,NULL,NULL,2015-09-24,2015-09-24,NULL,NULL,NULL
582,NULL,NULL,2015-09-24,2015-09-24,NULL,NULL,NULL
583,NULL,NULL,2015-09-24,2015-09-24,NULL,NULL,NULL
584,NULL,NULL,2015-09-24,2015-09-24,NULL,NULL,NULL
585,NULL,NULL,2015-09-24,2015-09-24,NULL,NULL,NULL
586,NULL,NULL,2015-09-24,2015-09-24,NULL,NULL,NULL
587,NULL,NULL,2015-09-24,2015-09-24,NULL,NULL,NULL
588,NULL,NULL,2015-09-24,2015-09-24,NULL,NULL,NULL
589,NULL,NULL,2015-09-24,2015-09-24,NULL,NULL,NULL
590,NULL,NULL,2015-09-24,2015-09-24,NULL,NULL,NULL
591,NULL,NULL,2015-09-24,2015-09-24,NULL,NULL,NULL
592,NULL,NULL,2015-09-24,2015-09-24,NULL,NULL,NULL
593,NULL,NULL,2015-09-24,2015-09-24,NULL,NULL,NULL
594,NULL,NULL,2015-09-24,2015-09-24,NULL,NULL,NULL
595,NULL,NULL,2015-09-24,2015-09-24,NULL,NULL,NULL
596,NULL,NULL,2015-09-24,2015-09-24,NULL,NULL,NULL
597,NULL,NULL,2015-09-24,2015-09-24,NULL,NULL,NULL
598,NULL,NULL,2015-09-24,2015-09-24,NULL,NULL,NULL
599,NULL,NULL,2015-09-24,2015-09-24,NULL,NULL,NULL
600,NULL,NULL,2015-09-24,2015-09-24,NULL,NULL,NULL
601,NULL,NULL,2015-09-24,2015-09-24,NULL,NULL,NULL
602,NULL,NULL,2015-09-24,2015-09-24,NULL,NULL,NULL
603,NULL,NULL,2015-09-24,2015-09-24,NULL,NULL,NULL
604,NULL,NULL,2015-09-24,2015-09-24,NULL,NULL,NULL
605,NULL,NULL,2015-09-24,2015-09-24,NULL,NULL,NULL
606,NULL,NULL,2015-09-24,2015-09-24,NULL,NULL,NULL
607,NULL,NULL,2015-09-24,2015-09-24,NULL,NULL,NULL
608,NULL,NULL,2015-09-24,2015-09-24,NULL,NULL,NULL
609,NULL,NULL,2015-09-24,2015-09-24,NULL,NULL,NULL
610,NULL,NULL,2015-09-24,2015-09-24,NULL,NULL,NULL
611,NULL,NULL,2015-09-24,2015-09-24,NULL,NULL,NULL
612,NULL,NULL,2015-09-24,2015-09-24,NULL,NULL,NULL
613,NULL,NULL,2015-09-24,2015-09-24,NULL,NULL,NULL
614,NULL,NULL,2015-09-24,2015-09-24,NULL,NULL,NULL
615,NULL,NULL,2015-09-24,2015-09-24,NULL,NULL,NULL
616,NULL,NULL,2015-09-24,2015-09-24,NULL,NULL,NULL
617,NULL,NULL,2015-09-24,2015-09-24,NULL,NULL,NULL
618,NULL,NULL,2015-09-24,2015-09-24,NULL,NULL,NULL
619,NULL,NULL,2015-09-24,2015-09-24,NULL,NULL,NULL
620,NULL,NULL,2015-09-24,2015-09-24,NULL,NULL,NULL
621,NULL,NULL,2015-09-24,2015-09-24,NULL,NULL,NULL
622,NULL,NULL,2015-09-24,2015-09-24,NULL,NULL,NULL
623,NULL,NULL,2015-09-24,2015-09-24,NULL,NULL,NULL
624,NULL,NULL,2015-09-24,2015-09-24,NULL,NULL,NULL
625,NULL,NULL,2015-09-24,2015-09-24,NULL,NULL,NULL
626,NULL,NULL,2015-09-24,2015-09-24,NULL,NULL,NULL
627,NULL,NULL,2015-09-24,2015-09-24,NULL,NULL,NULL
628,NULL,NULL,2015-09-24,2015-09-24,NULL,NULL,NULL
629,NULL,NULL,2015-09-24,2015-09-24,NULL,NULL,NULL
630,NULL,NULL,2015-09-24,2015-09-24,NULL,NULL,NULL
631,NULL,NULL,2015-09-24,2015-09-24,NULL,NULL,NULL
632,NULL,NULL,2015-09-24,2015-09-24,NULL,NULL,NULL
633,NULL,NULL,2015-09-24,2015-09-24,NULL,NULL,NULL
634,NULL,NULL,2015-09-24,2015-09-24,NULL,NULL,NULL
635,NULL,NULL,2015-09-24,2015-09-24,NULL,NULL,NULL
636,NULL,NULL,2015-09-24,2015-09-24,NULL,NULL,NULL
637,NULL,NULL,2015-09-24,2015-09-24,NULL,NULL,NULL
638,NULL,NULL,2015-09-24,2015-09-24,NULL,NULL,NULL
639,NULL,NULL,2015-09-24,2015-09-24,NULL,NULL,NULL
640,NULL,NULL,2015-09-24,2015-09-24,NULL,NULL,NULL
641,NULL,NULL,2015-09-24,2015-09-24,NULL,NULL,NULL
642,NULL,NULL,2015-09-24,2015-09-24,NULL,NULL,NULL
643,NULL,NULL,2015-09-24,2015-09-24,NULL,NULL,NULL
644,NULL,NULL,2015-09-24,2015-09-24,NULL,NULL,NULL
645,NULL,NULL,2015-09-24,2015-09-24,NULL,NULL,NULL
646,NULL,NULL,2015-09-24,2015-09-24,NULL,NULL,NULL
647,NULL,NULL,2015-09-24,2015-09-24,NULL,NULL,NULL
648,NULL,NULL,2015-09-24,2015-09-24,NULL,NULL,NULL
649,NULL,NULL,2015-09-24,2015-09-24,NULL,NULL,NULL
650,NULL,NULL,2015-09-24,2015-09-24,NULL,NULL,NULL
651,NULL,NULL,2015-09-24,2015-09-24,NULL,NULL,NULL
652,NULL,NULL,2015-09-24,2015-09-24,NULL,NULL,NULL
653,NULL,NULL,2015-09-24,2015-09-24,NULL,NULL,NULL
654,NULL,NULL,2015-09-24,2015-09-24,NULL,NULL,NULL
655,NULL,NULL,2015-09-24,2015-09-24,NULL,NULL,NULL
656,NULL,NULL,2015-09-24,2015-09-24,NULL,NULL,NULL
657,NULL,NULL,2015-09-24,2015-09-24,NULL,NULL,NULL
658,NULL,NULL,2015-09-24,2015-09-24,NULL,NULL,NULL
659,NULL,NULL,2015-09-24,2015-09-24,NULL,NULL,NULL
660,NULL,NULL,2015-09-24,2015-09-24,NULL,NULL,NULL
661,NULL,NULL,2015-09-24,2015-09-24,NULL,NULL,NULL
662,NULL,NULL,2015-09-24,2015-09-24,NULL,NULL,NULL
663,NULL,NULL,2015-09-24,2015-09-24,NULL,NULL,NULL
664,NULL,NULL,2015-09-24,2015-09-24,NULL,NULL,NULL
665,NULL,NULL,2015-09-24,2015-09-24,NULL,NULL,NULL
666,NULL,NULL,2015-09-24,2015-09-24,NULL,NULL,NULL
667,NULL,NULL,2015-09-24,2015-09-24,NULL,NULL,NULL
668,NULL,NULL,2015-09-24,2015-09-24,NULL,NULL,NULL
669,NULL,NULL,2015-09-24,2015-09-24,NULL,NULL,NULL
670,NULL,NULL,2015-09-24,2015-09-24,NULL,NULL,NULL
671,NULL,NULL,2015-09-24,2015-09-24,NULL,NULL,NULL
672,NULL,NULL,2015-09-24,2015-09-24,NULL,NULL,NULL
673,NULL,NULL,2015-09-24,2015-09-24,NULL,NULL,NULL
674,NULL,NULL,2015-09-24,2015-09-24,NULL,NULL,NULL
675,NULL,NULL,2015-09-24,2015-09-24,NULL,NULL,NULL
676,NULL,NULL,2015-09-24,2015-09-24,NULL,NULL,NULL
677,NULL,NULL,2015-09-24,2015-09-24,NULL,NULL,NULL
678,NULL,NULL,2015-09-24,2015-09-24,NULL,NULL,NULL
679,NULL,NULL,2015-09-24,2015-09-24,NULL,NULL,NULL
680,NULL,NULL,2015-09-24,2015-09-24,NULL,NULL,NULL
681,NULL,NULL,2015-09-24,2015-09-24,NULL,NULL,NULL
682,NULL,NULL,2015-09-24,2015-09-24,NULL,NULL,NULL
683,NULL,NULL,2015-09-24,2015-09-24,NULL,NULL,NULL
684,NULL,NULL,2015-09-24,2015-09-24,NULL,NULL,NULL
685,NULL,NULL,2015-09-24,2015-09-24,NULL,NULL,NULL
686,NULL,NULL,2015-09-24,2015-09-24,NULL,NULL,NULL
687,NULL,NULL,2015-09-24,2015-09-24,NULL,NULL,NULL
688,NULL,NULL,2015-09-24,2015-09-24,NULL,NULL,NULL
689,NULL,NULL,2015-09-24,2015-09-24,NULL,NULL,NULL
690,NULL,NULL,2015-09-24,2015-09-24,NULL,NULL,NULL
691,NULL,NULL,2015-09-24,2015-09-24,NULL,NULL,NULL
692,NULL,NULL,2015-09-24,2015-09-24,NULL,NULL,NULL
693,NULL,NULL,2015-09-24,2015-09-24,NULL,NULL,NULL
694,NULL,NULL,2015-09-24,2015-09-24,NULL,NULL,NULL
695,NULL,NULL,2015-09-24,2015-09-24,NULL,NULL,NULL
696,NULL,NULL,2015-09-24,2015-09-24,NULL,NULL,NULL
697,NULL,NULL,2015-09-24,2015-09-24,NULL,NULL,NULL
698,NULL,NULL,2015-09-24,2015-09-24,NULL,NULL,NULL
699,NULL,NULL,2015-09-24,2015-09-24,NULL,NULL,NULL
700,NULL,NULL,2015-09-24,2015-09-24,NULL,NULL,NULL
701,NULL,NULL,2015-09-24,2015-09-24,NULL,NULL,NULL
702,NULL,NULL,2015-09-24,2015-09-24,NULL,NULL,NULL
703,NULL,NULL,2015-09-24,2015-09-24,NULL,NULL,NULL
704,NULL,NULL,2015-09-24,2015-09-24,NULL,NULL,NULL
705,NULL,NULL,2015-09-24,2015-09-24,NULL,NULL,NULL
706,NULL,NULL,2015-09-24,2015-09-24,NULL,NULL,NULL
707,NULL,NULL,2015-09-24,2015-09-24,NULL,NULL,NULL
708,NULL,NULL,2015-09-24,2015-09-24,NULL,NULL,NULL
709,NULL,NULL,2015-09-24,2015-09-24,NULL,NULL,NULL
710,NULL,NULL,2015-09-24,2015-09-24,NULL,NULL,NULL
711,NULL,NULL,2015-09-24,2015-09-24,NULL,NULL,NULL
712,NULL,NULL,2015-09-24,2015-09-24,NULL,NULL,NULL
713,NULL,NULL,2015-09-24,2015-09-24,NULL,NULL,NULL
714,NULL,NULL,2015-09-24,2015-09-24,NULL,NULL,NULL
715,NULL,NULL,2015-09-24,2015-09-24,NULL,NULL,NULL
716,NULL,NULL,2015-09-24,2015-09-24,NULL,NULL,NULL
717,NULL,NULL,2015-09-24,2015-09-24,NULL,NULL,NULL
718,NULL,NULL,2015-09-24,2015-09-24,NULL,NULL,NULL
719,NULL,NULL,2015-09-24,2015-09-24,NULL,NULL,NULL
720,NULL,NULL,2015-09-24,2015-09-24,NULL,NULL,NULL
721,NULL,NULL,2015-09-24,2015-09-24,NULL,NULL,NULL
722,NULL,NULL,2015-09-24,2015-09-24,NULL,NULL,NULL
723,NULL,NULL,2015-09-24,2015-09-24,NULL,NULL,NULL
724,NULL,NULL,2015-09-24,2015-09-24,NULL,NULL,NULL
725,NULL,NULL,2015-09-24,2015-09-24,NULL,NULL,NULL
726,NULL,NULL,2015-09-24,2015-09-24,NULL,NULL,NULL
727,NULL,NULL,2015-09-24,2015-09-24,NULL,NULL,NULL
728,NULL,NULL,2015-09-24,2015-09-24,NULL,NULL,NULL
729,NULL,NULL,2015-09-24,2015-09-24,NULL,NULL,NULL
730,NULL,NULL,2015-09-24,2015-09-24,NULL,NULL,NULL
731,NULL,NULL,2015-09-24,2015-09-24,NULL,NULL,NULL
732,NULL,NULL,2015-09-24,2015-09-24,NULL,NULL,NULL
733,NULL,NULL,2015-09-24,2015-09-24,NULL,NULL,NULL
734,NULL,NULL,2015-09-24,2015-09-24,NULL,NULL,NULL
735,NULL,NULL,2015-09-24,2015-09-24,NULL,NULL,NULL
736,NULL,NULL,2015-09-24,2015-09-24,NULL,NULL,NULL
737,NULL,NULL,2015-09-24,2015-09-24,NULL,NULL,NULL
738,NULL,NULL,2015-09-24,2015-09-24,NULL,NULL,NULL
739,NULL,NULL,2015-09-24,2015-09-24,NULL,NULL,NULL
740,NULL,NULL,2015-09-24,2015-09-24,NULL,NULL,NULL
741,NULL,NULL,2015-09-24,2015-09-24,NULL,NULL,NULL
742,NULL,NULL,2015-09-24,2015-09-24,NULL,NULL,NULL
743,NULL,NULL,2015-09-24,2015-09-24,NULL,NULL,NULL
744,NULL,NULL,2015-09-24,2015-09-24,NULL,NULL,NULL
745,NULL,NULL,2015-09-24,2015-09-24,NULL,NULL,NULL
746,NULL,NULL,2015-09-24,2015-09-24,NULL,NULL,NULL
747,NULL,NULL,2015-09-24,2015-09-24,NULL,NULL,NULL
748,NULL,NULL,2015-09-24,2015-09-24,NULL,NULL,NULL
749,NULL,NULL,2015-09-24,2015-09-24,NULL,NULL,NULL
750,NULL,NULL,2015-09-24,2015-09-24,NULL,NULL,NULL
751,NULL,NULL,2015-09-24,2015-09-24,NULL,NULL,NULL
752,NULL,NULL,2015-09-24,2015-09-24,NULL,NULL,NULL
753,NULL,NULL,2015-09-24,2015-09-24,NULL,NULL,NULL
754,NULL,NULL,2015-09-24,2015-09-24,NULL,NULL,NULL
755,NULL,NULL,2015-09-24,2015-09-24,NULL,NULL,NULL
756,NULL,NULL,2015-09-24,2015-09-24,NULL,NULL,NULL
757,NULL,NULL,2015-09-24,2015-09-24,NULL,NULL,NULL
758,NULL,NULL,2015-09-24,2015-09-24,NULL,NULL,NULL
759,NULL,NULL,2015-09-24,2015-09-24,NULL,NULL,NULL
760,NULL,NULL,2015-09-24,2015-09-24,NULL,NULL,NULL
761,NULL,NULL,2015-09-24,2015-09-24,NULL,NULL,NULL
762,NULL,NULL,2015-09-24,2015-09-24,NULL,NULL,NULL
763,NULL,NULL,2015-09-24,2015-09-24,NULL,NULL,NULL
764,NULL,NULL,2015-09-24,2015-09-24,NULL,NULL,NULL
765,NULL,NULL,2015-09-24,2015-09-24,NULL,NULL,NULL
766,NULL,NULL,2015-09-24,2015-09-24,NULL,NULL,NULL
767,NULL,NULL,2015-09-24,2015-09-24,NULL,NULL,NULL
768,NULL,NULL,2015-09-24,2015-09-24,NULL,NULL,NULL
769,NULL,NULL,2015-09-24,2015-09-24,NULL,NULL,NULL
770,NULL,NULL,2015-09-24,2015-09-24,NULL,NULL,NULL
771,NULL,NULL,2015-09-24,2015-09-24,NULL,NULL,NULL
772,NULL,NULL,2015-09-24,2015-09-24,NULL,NULL,NULL
773,NULL,NULL,2015-09-24,2015-09-24,NULL,NULL,NULL
774,NULL,NULL,2015-09-24,2015-09-24,NULL,NULL,NULL
775,NULL,NULL,2015-09-24,2015-09-24,NULL,NULL,NULL
776,NULL,NULL,2015-09-24,2015-09-24,NULL,NULL,NULL
777,NULL,NULL,2015-09-24,2015-09-24,NULL,NULL,NULL
778,NULL,NULL,2015-09-24,2015-09-24,NULL,NULL,NULL
779,NULL,NULL,2015-09-24,2015-09-24,NULL,NULL,NULL
780,NULL,NULL,2015-09-24,2015-09-24,NULL,NULL,NULL
781,NULL,NULL,2015-09-24,2015-09-24,NULL,NULL,NULL
782,NULL,NULL,2015-09-24,2015-09-24,NULL,NULL,NULL
783,NULL,NULL,2015-09-24,2015-09-24,NULL,NULL,NULL
784,NULL,NULL,2015-09-24,2015-09-24,NULL,NULL,NULL
785,NULL,NULL,2015-09-24,2015-09-24,NULL,NULL,NULL
786,NULL,NULL,2015-09-24,2015-09-24,NULL,NULL,NULL
787,NULL,NULL,2015-09-24,2015-09-24,NULL,NULL,NULL
788,NULL,NULL,2015-09-24,2015-09-24,NULL,NULL,NULL
789,NULL,NULL,2015-09-24,2015-09-24,NULL,NULL,NULL
790,NULL,NULL,2015-09-24,2015-09-24,NULL,NULL,NULL
791,NULL,NULL,2015-09-24,2015-09-24,NULL,NULL,NULL
792,NULL,NULL,2015-09-24,2015-09-24,NULL,NULL,NULL
793,NULL,NULL,2015-09-24,2015-09-24,NULL,NULL,NULL
794,NULL,NULL,2015-09-24,2015-09-24,NULL,NULL,NULL
795,NULL,NULL,2015-09-24,2015-09-24,NULL,NULL,NULL
796,NULL,NULL,2015-09-24,2015-09-24,NULL,NULL,NULL
797,NULL,NULL,2015-09-24,2015-09-24,NULL,NULL,NULL
798,NULL,NULL,2015-09-24,2015-09-24,NULL,NULL,NULL
799,NULL,NULL,2015-09-24,2015-09-24,NULL,NULL,NULL
800,NULL,NULL,2015-09-24,2015-09-24,NULL,NULL,NULL
801,NULL,NULL,2015-09-24,2015-09-24,NULL,NULL,NULL
802,NULL,NULL,2015-09-24,2015-09-24,NULL,NULL,NULL
803,NULL,NULL,2015-09-24,2015-09-24,NULL,NULL,NULL
804,NULL,NULL,2015-09-24,2015-09-24,NULL,NULL,NULL
805,NULL,NULL,2015-09-24,2015-09-24,NULL,NULL,NULL
806,NULL,NULL,2015-09-24,2015-09-24,NULL,NULL,NULL
807,NULL,NULL,2015-09-24,2015-09-24,NULL,NULL,NULL
808,NULL,NULL,2015-09-24,2015-09-24,NULL,NULL,NULL
809,NULL,NULL,2015-09-24,2015-09-24,NULL,NULL,NULL
810,NULL,NULL,2015-09-24,2015-09-24,NULL,NULL,NULL
811,NULL,NULL,2015-09-24,2015-09-24,NULL,NULL,NULL
812,NULL,NULL,2015-09-24,2015-09-24,NULL,NULL,NULL
813,NULL,NULL,2015-09-24,2015-09-24,NULL,NULL,NULL
814,NULL,NULL,2015-09-24,2015-09-24,NULL,NULL,NULL
815,NULL,NULL,2015-09-24,2015-09-24,NULL,NULL,NULL
816,NULL,NULL,2015-09-24,2015-09-24,NULL,NULL,NULL
817,NULL,NULL,2015-09-24,2015-09-24,NULL,NULL,NULL
818,NULL,NULL,2015-09-24,2015-09-24,NULL,NULL,NULL
819,NULL,NULL,2015-09-24,2015-09-24,NULL,NULL,NULL
820,NULL,NULL,2015-09-24,2015-09-24,NULL,NULL,NULL
821,NULL,NULL,2015-09-24,2015-09-24,NULL,NULL,NULL
822,NULL,NULL,2015-09-24,2015-09-24,NULL,NULL,NULL
823,NULL,NULL,2015-09-24,2015-09-24,NULL,NULL,NULL
824,NULL,NULL,2015-09-24,2015-09-24,NULL,NULL,NULL
825,NULL,NULL,2015-09-24,2015-09-24,NULL,NULL,NULL
826,NULL,NULL,2015-09-24,2015-09-24,NULL,NULL,NULL
827,NULL,NULL,2015-09-24,2015-09-24,NULL,NULL,NULL
828,NULL,NULL,2015-09-24,2015-09-24,NULL,NULL,NULL
829,NULL,NULL,2015-09-24,2015-09-24,NULL,NULL,NULL
830,NULL,NULL,2015-09-24,2015-09-24,NULL,NULL,NULL
831,NULL,NULL,2015-09-24,2015-09-24,NULL,NULL,NULL
832,NULL,NULL,2015-09-24,2015-09-24,NULL,NULL,NULL
833,NULL,NULL,2015-09-24,2015-09-24,NULL,NULL,NULL
834,NULL,NULL,2015-09-24,2015-09-24,NULL,NULL,NULL
835,NULL,NULL,2015-09-24,2015-09-24,NULL,NULL,NULL
836,NULL,NULL,2015-09-24,2015-09-24,NULL,NULL,NULL
837,NULL,NULL,2015-09-24,2015-09-24,NULL,NULL,NULL
838,NULL,NULL,2015-09-24,2015-09-24,NULL,NULL,NULL
839,NULL,NULL,2015-09-24,2015-09-24,NULL,NULL,NULL
840,NULL,NULL,2015-09-24,2015-09-24,NULL,NULL,NULL
841,NULL,NULL,2015-09-24,2015-09-24,NULL,NULL,NULL
842,NULL,NULL,2015-09-24,2015-09-24,NULL,NULL,NULL
843,NULL,NULL,2015-09-24,2015-09-24,NULL,NULL,NULL
844,NULL,NULL,2015-09-24,2015-09-24,NULL,NULL,NULL
845,NULL,NULL,2015-09-24,2015-09-24,NULL,NULL,NULL
846,NULL,NULL,2015-09-24,2015-09-24,NULL,NULL,NULL
847,NULL,NULL,2015-09-24,2015-09-24,NULL,NULL,NULL
848,NULL,NULL,2015-09-24,2015-09-24,NULL,NULL,NULL
849,NULL,NULL,2015-09-24,2015-09-24,NULL,NULL,NULL
850,NULL,NULL,2015-09-24,2015-09-24,NULL,NULL,NULL
851,NULL,NULL,2015-09-24,2015-09-24,NULL,NULL,NULL
852,NULL,NULL,2015-09-24,2015-09-24,NULL,NULL,NULL
853,NULL,NULL,2015-09-24,2015-09-24,NULL,NULL,NULL
854,NULL,NULL,2015-09-24,2015-09-24,NULL,NULL,NULL
855,NULL,NULL,2015-09-24,2015-09-24,NULL,NULL,NULL
856,NULL,NULL,2015-09-24,2015-09-24,NULL,NULL,NULL
857,NULL,NULL,2015-09-24,2015-09-24,NULL,NULL,NULL
858,NULL,NULL,2015-09-24,2015-09-24,NULL,NULL,NULL
859,NULL,NULL,2015-09-24,2015-09-24,NULL,NULL,NULL
860,NULL,NULL,2015-09-24,2015-09-24,NULL,NULL,NULL
861,NULL,NULL,2015-09-24,2015-09-24,NULL,NULL,NULL
862,NULL,NULL,2015-09-24,2015-09-24,NULL,NULL,NULL
863,NULL,NULL,2015-09-24,2015-09-24,NULL,NULL,NULL
864,NULL,NULL,2015-09-24,2015-09-24,NULL,NULL,NULL
865,NULL,NULL,2015-09-24,2015-09-24,NULL,NULL,NULL
866,NULL,NULL,2015-09-24,2015-09-24,NULL,NULL,NULL
867,NULL,NULL,2015-09-24,2015-09-24,NULL,NULL,NULL
868,NULL,NULL,2015-09-24,2015-09-24,NULL,NULL,NULL
869,NULL,NULL,2015-09-24,2015-09-24,NULL,NULL,NULL
870,NULL,NULL,2015-09-24,2015-09-24,NULL,NULL,NULL
871,NULL,NULL,2015-09-24,2015-09-24,NULL,NULL,NULL
872,NULL,NULL,2015-09-24,2015-09-24,NULL,NULL,NULL
873,NULL,NULL,2015-09-24,2015-09-24,NULL,NULL,NULL
874,NULL,NULL,2015-09-24,2015-09-24,NULL,NULL,NULL
875,NULL,NULL,2015-09-24,2015-09-24,NULL,NULL,NULL
876,NULL,NULL,2015-09-24,2015-09-24,NULL,NULL,NULL
877,NULL,NULL,2015-09-24,2015-09-24,NULL,NULL,NULL
878,NULL,NULL,2015-09-24,2015-09-24,NULL,NULL,NULL
879,NULL,NULL,2015-09-24,2015-09-24,NULL,NULL,NULL
880,NULL,NULL,2015-09-24,2015-09-24,NULL,NULL,NULL
881,NULL,NULL,2015-09-24,2015-09-24,NULL,NULL,NULL
882,NULL,NULL,2015-09-24,2015-09-24,NULL,NULL,NULL
883,NULL,NULL,2015-09-24,2015-09-24,NULL,NULL,NULL
884,NULL,NULL,2015-09-24,2015-09-24,NULL,NULL,NULL
885,NULL,NULL,2015-09-24,2015-09-24,NULL,NULL,NULL
886,NULL,NULL,2015-09-24,2015-09-24,NULL,NULL,NULL
887,NULL,NULL,2015-09-24,2015-09-24,NULL,NULL,NULL
888,NULL,NULL,2015-09-24,2015-09-24,NULL,NULL,NULL
889,NULL,NULL,2015-09-24,2015-09-24,NULL,NULL,NULL
890,NULL,NULL,2015-09-24,2015-09-24,NULL,NULL,NULL
891,NULL,NULL,2015-09-24,2015-09-24,NULL,NULL,NULL
892,NULL,NULL,2015-09-24,2015-09-24,NULL,NULL,NULL
893,NULL,NULL,2015-09-24,2015-09-24,NULL,NULL,NULL
894,NULL,NULL,2015-09-24,2015-09-24,NULL,NULL,NULL
895,NULL,NULL,2015-09-24,2015-09-24,NULL,NULL,NULL
896,NULL,NULL,2015-09-24,2015-09-24,NULL,NULL,NULL
897,NULL,NULL,2015-09-24,2015-09-24,NULL,NULL,NULL
898,NULL,NULL,2015-09-24,2015-09-24,NULL,NULL,NULL
899,NULL,NULL,2015-09-24,2015-09-24,NULL,NULL,NULL
900,NULL,NULL,2015-09-24,2015-09-24,NULL,NULL,NULL
901,NULL,NULL,2015-09-24,2015-09-24,NULL,NULL,NULL
902,NULL,NULL,2015-09-24,2015-09-24,NULL,NULL,NULL
903,NULL,NULL,2015-09-24,2015-09-24,NULL,NULL,NULL
904,NULL,NULL,2015-09-24,2015-09-24,NULL,NULL,NULL
905,NULL,NULL,2015-09-24,2015-09-24,NULL,NULL,NULL
906,NULL,NULL,2015-09-24,2015-09-24,NULL,NULL,NULL
907,NULL,NULL,2015-09-24,2015-09-24,NULL,NULL,NULL
908,NULL,NULL,2015-09-24,2015-09-24,NULL,NULL,NULL
909,NULL,NULL,2015-09-24,2015-09-24,NULL,NULL,NULL
910,NULL,NULL,2015-09-24,2015-09-24,NULL,NULL,NULL
911,NULL,NULL,2015-09-24,2015-09-24,NULL,NULL,NULL
912,NULL,NULL,2015-09-24,2015-09-24,NULL,NULL,NULL
913,NULL,NULL,2015-09-24,2015-09-24,NULL,NULL,NULL
914,NULL,NULL,2015-09-24,2015-09-24,NULL,NULL,NULL
915,NULL,NULL,2015-09-24,2015-09-24,NULL,NULL,NULL
916,NULL,NULL,2015-09-24,2015-09-24,NULL,NULL,NULL
917,NULL,NULL,2015-09-24,2015-09-24,NULL,NULL,NULL
918,NULL,NULL,2015-09-24,2015-09-24,NULL,NULL,NULL
919,NULL,NULL,2015-09-24,2015-09-24,NULL,NULL,NULL
920,NULL,NULL,2015-09-24,2015-09-24,NULL,NULL,NULL
921,NULL,NULL,2015-09-24,2015-09-24,NULL,NULL,NULL
922,NULL,NULL,2015-09-24,2015-09-24,NULL,NULL,NULL
923,NULL,NULL,2015-09-24,2015-09-24,NULL,NULL,NULL
924,NULL,NULL,2015-09-24,2015-09-24,NULL,NULL,NULL
925,NULL,NULL,2015-09-24,2015-09-24,NULL,NULL,NULL
926,NULL,NULL,2015-09-24,2015-09-24,NULL,NULL,NULL
927,NULL,NULL,2015-09-24,2015-09-24,NULL,NULL,NULL
928,NULL,NULL,2015-09-24,2015-09-24,NULL,NULL,NULL
929,NULL,NULL,2015-09-24,2015-09-24,NULL,NULL,NULL
930,NULL,NULL,2015-09-24,2015-09-24,NULL,NULL,NULL
931,NULL,NULL,2015-09-24,2015-09-24,NULL,NULL,NULL
932,NULL,NULL,2015-09-24,2015-09-24,NULL,NULL,NULL
933,NULL,NULL,2015-09-24,2015-09-24,NULL,NULL,NULL
934,NULL,NULL,2015-09-24,2015-09-24,NULL,NULL,NULL
935,NULL,NULL,2015-09-24,2015-09-24,NULL,NULL,NULL
936,NULL,NULL,2015-09-24,2015-09-24,NULL,NULL,NULL
937,NULL,NULL,2015-09-24,2015-09-24,NULL,NULL,NULL
938,NULL,NULL,2015-09-24,2015-09-24,NULL,NULL,NULL
939,NULL,NULL,2015-09-24,2015-09-24,NULL,NULL,NULL
940,NULL,NULL,2015-09-24,2015-09-24,NULL,NULL,NULL
941,NULL,NULL,2015-09-24,2015-09-24,NULL,NULL,NULL
942,NULL,NULL,2015-09-24,2015-09-24,NULL,NULL,NULL
943,NULL,NULL,2015-09-24,2015-09-24,NULL,NULL,NULL
944,NULL,NULL,2015-09-24,2015-09-24,NULL,NULL,NULL
945,NULL,NULL,2015-09-24,2015-09-24,NULL,NULL,NULL
946,NULL,NULL,2015-09-24,2015-09-24,NULL,NULL,NULL
947,NULL,NULL,2015-09-24,2015-09-24,NULL,NULL,NULL
948,NULL,NULL,2015-09-24,2015-09-24,NULL,NULL,NULL
949,NULL,NULL,2015-09-24,2015-09-24,NULL,NULL,NULL
950,NULL,NULL,2015-09-24,2015-09-24,NULL,NULL,NULL
951,NULL,NULL,2015-09-24,2015-09-24,NULL,NULL,NULL
952,NULL,NULL,2015-09-24,2015-09-24,NULL,NULL,NULL
953,NULL,NULL,2015-09-24,2015-09-24,NULL,NULL,NULL
954,NULL,NULL,2015-09-24,2015-09-24,NULL,NULL,NULL
955,NULL,NULL,2015-09-24,2015-09-24,NULL,NULL,NULL
956,NULL,NULL,2015-09-24,2015-09-24,NULL,NULL,NULL
957,NULL,NULL,2015-09-24,2015-09-24,NULL,NULL,NULL
958,NULL,NULL,2015-09-24,2015-09-24,NULL,NULL,NULL
959,NULL,NULL,2015-09-24,2015-09-24,NULL,NULL,NULL
960,NULL,NULL,2015-09-24,2015-09-24,NULL,NULL,NULL
961,NULL,NULL,2015-09-24,2015-09-24,NULL,NULL,NULL
962,NULL,NULL,2015-09-24,2015-09-24,NULL,NULL,NULL
963,NULL,NULL,2015-09-24,2015-09-24,NULL,NULL,NULL
964,NULL,NULL,2015-09-24,2015-09-24,NULL,NULL,NULL
965,NULL,NULL,2015-09-24,2015-09-24,NULL,NULL,NULL
966,NULL,NULL,2015-09-24,2015-09-24,NULL,NULL,NULL
967,NULL,NULL,2015-09-24,2015-09-24,NULL,NULL,NULL
968,NULL,NULL,2015-09-24,2015-09-24,NULL,NULL,NULL
969,NULL,NULL,2015-09-24,2015-09-24,NULL,NULL,NULL
970,NULL,NULL,2015-09-24,2015-09-24,NULL,NULL,NULL
971,NULL,NULL,2015-09-24,2015-09-24,NULL,NULL,NULL
972,NULL,NULL,2015-09-24,2015-09-24,NULL,NULL,NULL
973,NULL,NULL,2015-09-24,2015-09-24,NULL,NULL,NULL
974,NULL,NULL,2015-09-24,2015-09-24,NULL,NULL,NULL
975,NULL,NULL,2015-09-24,2015-09-24,NULL,NULL,NULL
976,NULL,NULL,2015-09-24,2015-09-24,NULL,NULL,NULL
977,NULL,NULL,2015-09-24,2015-09-24,NULL,NULL,NULL
978,NULL,NULL,2015-09-24,2015-09-24,NULL,NULL,NULL
979,NULL,NULL,2015-09-24,2015-09-24,NULL,NULL,NULL
980,NULL,NULL,2015-09-24,2015-09-24,NULL,NULL,NULL
981,NULL,NULL,2015-09-24,2015-09-24,NULL,NULL,NULL
982,NULL,NULL,2015-09-24,2015-09-24,NULL,NULL,NULL
983,NULL,NULL,2015-09-24,2015-09-24,NULL,NULL,NULL
984,NULL,NULL,2015-09-24,2015-09-24,NULL,NULL,NULL
985,NULL,NULL,2015-09-24,2015-09-24,NULL,NULL,NULL
986,NULL,NULL,2015-09-24,2015-09-24,NULL,NULL,NULL
987,NULL,NULL,2015-09-24,2015-09-24,NULL,NULL,NULL
988,NULL,NULL,2015-09-24,2015-09-24,NULL,NULL,NULL
989,NULL,NULL,2015-09-24,2015-09-24,NULL,NULL,NULL
990,NULL,NULL,2015-09-24,2015-09-24,NULL,NULL,NULL
991,NULL,NULL,2015-09-24,2015-09-24,NULL,NULL,NULL
992,NULL,NULL,2015-09-24,2015-09-24,NULL,NULL,NULL
993,NULL,NULL,2015-09-24,2015-09-24,NULL,NULL,NULL
994,NULL,NULL,2015-09-24,2015-09-24,NULL,NULL,NULL
995,NULL,NULL,2015-09-24,2015-09-24,NULL,NULL,NULL
996,NULL,NULL,2015-09-24,2015-09-24,NULL,NULL,NULL
997,NULL,NULL,2015-09-24,2015-09-24,NULL,NULL,NULL
998,NULL,NULL,2015-09-24,2015-09-24,NULL,NULL,NULL
999,NULL,NULL,2015-09-24,2015-09-24,NULL,NULL,NULL
